"2024-01-03-06-00",0.04
"2024-01-03-07-00",0.81
"2024-01-03-08-00",1.57
"2024-01-03-09-00",2.67
"2024-01-03-10-00",6.46
"2024-01-03-11-00",3.59
"2024-01-03-12-00",2.45
"2024-01-03-13-00",1.48
"2024-01-03-14-00",0.71
"2024-01-03-15-00",0.03
"2024-01-04-05-00",0.
"2024-01-04-06-00",0.03
"2024-01-04-07-00",0.46
"2024-01-04-08-00",1.92
"2024-01-04-09-00",3.56
"2024-01-04-10-00",3.08
"2024-01-04-11-00",3.21
"2024-01-04-12-00",3.21
"2024-01-04-13-00",2.22
"2024-01-04-14-00",0.7
"2024-01-04-15-00",0.
"2024-01-05-05-00",0.
"2024-01-05-06-00",0.1
"2024-01-05-07-00",0.58
"2024-01-05-08-00",1.11
"2024-01-05-09-00",4.01
"2024-01-05-10-00",6.18
"2024-01-05-11-00",3.75
"2024-01-05-12-00",1.91
"2024-01-05-13-00",1.4
"2024-01-05-14-00",0.39
"2024-01-05-15-00",0.
"2024-01-06-06-00",0.
"2024-01-06-07-00",0.13
"2024-01-06-08-00",0.56
"2024-01-06-09-00",1.1
"2024-01-06-10-00",1.03
"2024-01-06-11-00",1.05
"2024-01-06-12-00",0.72
"2024-01-06-13-00",0.24
"2024-01-06-14-00",0.05
"2024-01-06-15-00",0.
"2024-01-07-06-00",0.
"2024-01-07-07-00",0.
"2024-01-07-08-00",0.21
"2024-01-07-09-00",0.43
"2024-01-07-10-00",0.94
"2024-01-07-11-00",0.88
"2024-01-07-12-00",0.57
"2024-01-07-13-00",0.65
"2024-01-07-14-00",0.21
"2024-01-07-15-00",0.
"2024-01-08-06-00",0.
"2024-01-08-07-00",0.11
"2024-01-08-08-00",0.63
"2024-01-08-09-00",1.48
"2024-01-08-10-00",3.18
"2024-01-08-11-00",3.59
"2024-01-08-12-00",2.12
"2024-01-08-13-00",1.24
"2024-01-08-14-00",0.58
"2024-01-08-15-00",0.01
"2024-01-09-05-00",0.
"2024-01-09-06-00",0.
"2024-01-09-07-00",0.63
"2024-01-09-08-00",1.9
"2024-01-09-09-00",3.18
"2024-01-09-10-00",5.02
"2024-01-09-11-00",5.98
"2024-01-09-12-00",3.35
"2024-01-09-13-00",1.
"2024-01-09-14-00",0.31
"2024-01-09-15-00",0.01
"2024-01-09-16-00",0.
"2024-01-10-05-00",0.
"2024-01-10-06-00",0.05
"2024-01-10-07-00",0.48
"2024-01-10-08-00",0.95
"2024-01-10-09-00",4.44
"2024-01-10-10-00",6.83
"2024-01-10-11-00",6.18
"2024-01-10-12-00",3.83
"2024-01-10-13-00",1.12
"2024-01-10-14-00",0.38
"2024-01-10-15-00",0.01
"2024-01-10-16-00",0.
"2024-01-11-05-00",0.
"2024-01-11-06-00",0.05
"2024-01-11-07-00",0.47
"2024-01-11-08-00",0.93
"2024-01-11-09-00",4.56
"2024-01-11-10-00",7.
"2024-01-11-11-00",6.49
"2024-01-11-12-00",4.63
"2024-01-11-13-00",2.36
"2024-01-11-14-00",0.68
"2024-01-11-15-00",0.02
"2024-01-11-16-00",0.
"2024-01-12-05-00",0.
"2024-01-12-06-00",0.03
"2024-01-12-07-00",0.42
"2024-01-12-08-00",1.04
"2024-01-12-09-00",4.56
"2024-01-12-10-00",5.63
"2024-01-12-11-00",3.44
"2024-01-12-12-00",2.71
"2024-01-12-13-00",1.67
"2024-01-12-14-00",0.55
"2024-01-12-15-00",0.02
"2024-01-12-16-00",0.
"2024-01-13-05-00",0.
"2024-01-13-06-00",0.08
"2024-01-13-07-00",0.39
"2024-01-13-08-00",0.93
"2024-01-13-09-00",1.11
"2024-01-13-10-00",1.96
"2024-01-13-11-00",3.12
"2024-01-13-12-00",1.74
"2024-01-13-13-00",1.45
"2024-01-13-14-00",0.43
"2024-01-13-15-00",0.02
"2024-01-13-16-00",0.
"2024-01-14-05-00",0.
"2024-01-14-06-00",0.07
"2024-01-14-07-00",0.71
"2024-01-14-08-00",1.46
"2024-01-14-09-00",5.57
"2024-01-14-10-00",4.44
"2024-01-14-11-00",7.46
"2024-01-14-12-00",4.07
"2024-01-14-13-00",0.98
"2024-01-14-14-00",0.4
"2024-01-14-15-00",0.
"2024-01-15-05-00",0.
"2024-01-15-06-00",0.11
"2024-01-15-07-00",0.39
"2024-01-15-08-00",1.03
"2024-01-15-09-00",4.57
"2024-01-15-10-00",7.08
"2024-01-15-11-00",6.9
"2024-01-15-12-00",4.17
"2024-01-15-13-00",1.35
"2024-01-15-14-00",0.47
"2024-01-15-15-00",0.01
"2024-01-15-16-00",0.
"2024-01-16-05-00",0.
"2024-01-16-06-00",0.07
"2024-01-16-07-00",0.82
"2024-01-16-08-00",2.23
"2024-01-16-09-00",4.93
"2024-01-16-10-00",7.37
"2024-01-16-11-00",6.54
"2024-01-16-12-00",4.75
"2024-01-16-13-00",1.79
"2024-01-16-14-00",0.74
"2024-01-16-15-00",0.03
"2024-01-16-16-00",0.
"2024-01-17-05-00",0.
"2024-01-17-06-00",0.
"2024-01-17-07-00",0.09
"2024-01-17-08-00",0.29
"2024-01-17-09-00",0.73
"2024-01-17-10-00",1.63
"2024-01-17-11-00",1.17
"2024-01-17-12-00",0.73
"2024-01-17-13-00",0.51
"2024-01-17-14-00",0.07
"2024-01-17-15-00",0.
"2024-01-18-05-00",0.
"2024-01-18-06-00",0.
"2024-01-18-07-00",0.16
"2024-01-18-08-00",0.86
"2024-01-18-09-00",1.58
"2024-01-18-10-00",1.4
"2024-01-18-11-00",1.56
"2024-01-18-12-00",0.98
"2024-01-18-13-00",1.95
"2024-01-18-14-00",0.67
"2024-01-18-15-00",0.02
"2024-01-18-16-00",0.
"2024-01-19-05-00",0.
"2024-01-19-06-00",0.
"2024-01-19-07-00",0.27
"2024-01-19-08-00",1.02
"2024-01-19-09-00",0.51
"2024-01-19-10-00",0.44
"2024-01-19-11-00",0.12
"2024-01-19-12-00",0.15
"2024-01-19-13-00",0.06
"2024-01-19-14-00",0.
"2024-01-19-15-00",0.
"2024-01-20-05-00",0.
"2024-01-20-06-00",0.
"2024-01-20-07-00",0.
"2024-01-20-08-00",0.02
"2024-01-20-09-00",0.54
"2024-01-20-10-00",0.92
"2024-01-20-11-00",1.16
"2024-01-20-12-00",4.06
"2024-01-20-13-00",2.15
"2024-01-20-14-00",0.5
"2024-01-20-15-00",0.05
"2024-01-20-16-00",0.
"2024-01-21-05-00",0.
"2024-01-21-06-00",0.11
"2024-01-21-07-00",0.56
"2024-01-21-08-00",1.24
"2024-01-21-09-00",5.4
"2024-01-21-10-00",7.92
"2024-01-21-11-00",7.54
"2024-01-21-12-00",5.48
"2024-01-21-13-00",2.2
"2024-01-21-14-00",0.61
"2024-01-21-15-00",0.06
"2024-01-21-16-00",0.
"2024-01-22-05-00",0.
"2024-01-22-06-00",0.16
"2024-01-22-07-00",1.17
"2024-01-22-08-00",1.7
"2024-01-22-09-00",5.33
"2024-01-22-10-00",7.9
"2024-01-22-11-00",7.29
"2024-01-22-12-00",4.75
"2024-01-22-13-00",3.06
"2024-01-22-14-00",1.29
"2024-01-22-15-00",0.07
"2024-01-22-16-00",0.
"2024-01-23-05-00",0.
"2024-01-23-06-00",0.21
"2024-01-23-07-00",0.83
"2024-01-23-08-00",2.18
"2024-01-23-09-00",4.33
"2024-01-23-10-00",7.06
"2024-01-23-11-00",7.22
"2024-01-23-12-00",3.87
"2024-01-23-13-00",3.35
"2024-01-23-14-00",1.08
"2024-01-23-15-00",0.08
"2024-01-23-16-00",0.
"2024-01-24-05-00",0.
"2024-01-24-06-00",0.11
"2024-01-24-07-00",1.08
"2024-01-24-08-00",0.98
"2024-01-24-09-00",0.8
"2024-01-24-10-00",1.15
"2024-01-24-11-00",0.81
"2024-01-24-12-00",1.31
"2024-01-24-13-00",0.78
"2024-01-24-14-00",0.66
"2024-01-24-15-00",0.04
"2024-01-24-16-00",0.
"2024-01-25-05-00",0.
"2024-01-25-06-00",0.18
"2024-01-25-07-00",0.63
"2024-01-25-08-00",1.37
"2024-01-25-09-00",4.63
"2024-01-25-10-00",3.88
"2024-01-25-11-00",6.37
"2024-01-25-12-00",5.5
"2024-01-25-13-00",2.7
"2024-01-25-14-00",0.77
"2024-01-25-15-00",0.14
"2024-01-25-16-00",0.
"2024-01-26-05-00",0.
"2024-01-26-06-00",0.12
"2024-01-26-07-00",0.51
"2024-01-26-08-00",1.26
"2024-01-26-09-00",5.97
"2024-01-26-10-00",8.61
"2024-01-26-11-00",8.36
"2024-01-26-12-00",6.23
"2024-01-26-13-00",2.72
"2024-01-26-14-00",1.15
"2024-01-26-15-00",0.06
"2024-01-26-16-00",0.
"2024-01-27-05-00",0.
"2024-01-27-06-00",0.13
"2024-01-27-07-00",0.55
"2024-01-27-08-00",1.19
"2024-01-27-09-00",4.5
"2024-01-27-10-00",8.04
"2024-01-27-11-00",8.17
"2024-01-27-12-00",6.32
"2024-01-27-13-00",2.54
"2024-01-27-14-00",0.74
"2024-01-27-15-00",0.05
"2024-01-27-16-00",0.
"2024-01-28-05-00",0.
"2024-01-28-06-00",0.14
"2024-01-28-07-00",0.56
"2024-01-28-08-00",1.4
"2024-01-28-09-00",6.17
"2024-01-28-10-00",8.8
"2024-01-28-11-00",8.44
"2024-01-28-12-00",6.3
"2024-01-28-13-00",2.89
"2024-01-28-14-00",0.65
"2024-01-28-15-00",0.12
"2024-01-28-16-00",0.
"2024-01-29-05-00",0.
"2024-01-29-06-00",0.15
"2024-01-29-07-00",0.61
"2024-01-29-08-00",1.5
"2024-01-29-09-00",6.18
"2024-01-29-10-00",8.74
"2024-01-29-11-00",8.52
"2024-01-29-12-00",6.4
"2024-01-29-13-00",3.01
"2024-01-29-14-00",0.66
"2024-01-29-15-00",0.13
"2024-01-29-16-00",0.
"2024-01-30-05-00",0.
"2024-01-30-06-00",0.16
"2024-01-30-07-00",0.74
"2024-01-30-08-00",2.5
"2024-01-30-09-00",5.42
"2024-01-30-10-00",7.61
"2024-01-30-11-00",7.98
"2024-01-30-12-00",6.59
"2024-01-30-13-00",3.22
"2024-01-30-14-00",0.66
"2024-01-30-15-00",0.14
"2024-01-30-16-00",0.
"2024-01-31-05-00",0.
"2024-01-31-06-00",0.23
"2024-01-31-07-00",1.14
"2024-01-31-08-00",3.28
"2024-01-31-09-00",4.9
"2024-01-31-10-00",6.3
"2024-01-31-11-00",5.91
"2024-01-31-12-00",5.45
"2024-01-31-13-00",2.68
"2024-01-31-14-00",1.2
"2024-01-31-15-00",0.2
"2024-01-31-16-00",0.
"2024-02-01-05-00",0.
"2024-02-01-06-00",0.07
"2024-02-01-07-00",0.31
"2024-02-01-08-00",0.67
"2024-02-01-09-00",3.46
"2024-02-01-10-00",6.63
"2024-02-01-11-00",5.34
"2024-02-01-12-00",2.66
"2024-02-01-13-00",0.77
"2024-02-01-14-00",0.53
"2024-02-01-15-00",0.09
"2024-02-02-05-00",0.
"2024-02-02-06-00",0.2
"2024-02-02-07-00",1.07
"2024-02-02-08-00",2.66
"2024-02-02-09-00",4.24
"2024-02-02-10-00",5.18
"2024-02-02-11-00",7.87
"2024-02-02-12-00",6.82
"2024-02-02-13-00",3.63
"2024-02-02-14-00",1.26
"2024-02-02-15-00",0.24
"2024-02-03-05-00",0.
"2024-02-03-06-00",0.13
"2024-02-03-07-00",0.95
"2024-02-03-08-00",2.22
"2024-02-03-09-00",2.4
"2024-02-03-10-00",6.92
"2024-02-03-11-00",5.83
"2024-02-03-12-00",3.94
"2024-02-03-13-00",1.94
"2024-02-03-14-00",1.16
"2024-02-03-15-00",0.08
"2024-02-04-05-00",0.
"2024-02-04-06-00",0.23
"2024-02-04-07-00",1.43
"2024-02-04-08-00",2.1
"2024-02-04-09-00",4.02
"2024-02-04-10-00",5.28
"2024-02-04-11-00",5.76
"2024-02-04-12-00",5.27
"2024-02-04-13-00",2.46
"2024-02-04-14-00",2.06
"2024-02-04-15-00",0.34
"2024-02-05-05-00",0.
"2024-02-05-06-00",0.29
"2024-02-05-07-00",1.31
"2024-02-05-08-00",2.25
"2024-02-05-09-00",4.28
"2024-02-05-10-00",9.56
"2024-02-05-11-00",10.64
"2024-02-05-12-00",6.57
"2024-02-05-13-00",3.11
"2024-02-05-14-00",1.35
"2024-02-05-15-00",0.37
"2024-02-06-05-00",0.
"2024-02-06-06-00",0.36
"2024-02-06-07-00",1.23
"2024-02-06-08-00",2.26
"2024-02-06-09-00",5.23
"2024-02-06-10-00",9.42
"2024-02-06-11-00",9.
"2024-02-06-12-00",7.21
"2024-02-06-13-00",3.5
"2024-02-06-14-00",0.85
"2024-02-06-15-00",0.22
"2024-02-07-05-00",0.
"2024-02-07-06-00",0.24
"2024-02-07-07-00",0.76
"2024-02-07-08-00",2.02
"2024-02-07-09-00",6.88
"2024-02-07-10-00",9.58
"2024-02-07-11-00",9.62
"2024-02-07-12-00",3.97
"2024-02-07-13-00",4.08
"2024-02-07-14-00",1.13
"2024-02-07-15-00",0.24
"2024-02-08-05-00",0.
"2024-02-08-06-00",0.38
"2024-02-08-07-00",1.71
"2024-02-08-08-00",2.62
"2024-02-08-09-00",7.22
"2024-02-08-10-00",10.87
"2024-02-08-11-00",9.76
"2024-02-08-12-00",7.78
"2024-02-08-13-00",4.18
"2024-02-08-14-00",1.
"2024-02-08-15-00",0.31
"2024-02-08-16-00",0.86
"2024-02-08-17-00",0.15
"2024-02-08-18-00",0.
"2024-02-09-07-00",0.
"2024-02-09-08-00",0.82
"2024-02-09-09-00",2.13
"2024-02-09-10-00",3.26
"2024-02-09-11-00",1.72
"2024-02-09-12-00",3.2
"2024-02-09-13-00",3.11
"2024-02-09-14-00",3.44
"2024-02-09-15-00",2.33
"2024-02-09-16-00",0.37
"2024-02-09-17-00",0.01
"2024-02-10-07-00",0.
"2024-02-10-08-00",0.45
"2024-02-10-09-00",1.01
"2024-02-10-10-00",3.4
"2024-02-10-11-00",8.35
"2024-02-10-12-00",9.35
"2024-02-10-13-00",7.16
"2024-02-10-14-00",6.04
"2024-02-10-15-00",4.01
"2024-02-10-16-00",1.19
"2024-02-10-17-00",0.1
"2024-02-10-18-00",0.
"2024-02-11-07-00",0.
"2024-02-11-08-00",0.89
"2024-02-11-09-00",1.38
"2024-02-11-10-00",1.44
"2024-02-11-11-00",2.27
"2024-02-11-12-00",3.55
"2024-02-11-13-00",2.82
"2024-02-11-14-00",3.16
"2024-02-11-15-00",3.17
"2024-02-11-16-00",1.04
"2024-02-11-17-00",0.1
"2024-02-11-18-00",0.
"2024-02-12-07-00",0.
"2024-02-12-08-00",0.23
"2024-02-12-09-00",1.02
"2024-02-12-10-00",1.61
"2024-02-12-11-00",3.06
"2024-02-12-12-00",3.27
"2024-02-12-13-00",2.77
"2024-02-12-14-00",3.01
"2024-02-12-15-00",1.5
"2024-02-12-16-00",0.46
"2024-02-12-17-00",0.08
"2024-02-12-18-00",0.
"2024-02-13-07-00",0.02
"2024-02-13-08-00",0.6
"2024-02-13-09-00",0.91
"2024-02-13-10-00",4.24
"2024-02-13-11-00",9.64
"2024-02-13-12-00",11.51
"2024-02-13-13-00",9.34
"2024-02-13-14-00",5.52
"2024-02-13-15-00",4.28
"2024-02-13-16-00",0.98
"2024-02-13-17-00",0.22
"2024-02-13-18-00",0.
"2024-02-14-07-00",0.05
"2024-02-14-08-00",0.61
"2024-02-14-09-00",1.06
"2024-02-14-10-00",4.29
"2024-02-14-11-00",9.88
"2024-02-14-12-00",11.58
"2024-02-14-13-00",10.59
"2024-02-14-14-00",5.54
"2024-02-14-15-00",3.14
"2024-02-14-16-00",1.41
"2024-02-14-17-00",0.35
"2024-02-14-18-00",0.
"2024-02-15-07-00",0.
"2024-02-15-08-00",0.38
"2024-02-15-09-00",1.04
"2024-02-15-10-00",2.31
"2024-02-15-11-00",4.04
"2024-02-15-12-00",5.64
"2024-02-15-13-00",5.65
"2024-02-15-14-00",4.75
"2024-02-15-15-00",2.89
"2024-02-15-16-00",1.28
"2024-02-15-17-00",0.16
"2024-02-15-18-00",0.
"2024-02-16-06-00",0.
"2024-02-16-07-00",0.06
"2024-02-16-08-00",0.69
"2024-02-16-09-00",1.26
"2024-02-16-10-00",4.39
"2024-02-16-11-00",9.59
"2024-02-16-12-00",11.09
"2024-02-16-13-00",10.38
"2024-02-16-14-00",8.14
"2024-02-16-15-00",4.28
"2024-02-16-16-00",0.89
"2024-02-16-17-00",0.25
"2024-02-16-18-00",0.
"2024-02-17-06-00",0.
"2024-02-17-07-00",0.06
"2024-02-17-08-00",0.63
"2024-02-17-09-00",1.17
"2024-02-17-10-00",4.86
"2024-02-17-11-00",8.95
"2024-02-17-12-00",8.45
"2024-02-17-13-00",8.59
"2024-02-17-14-00",6.01
"2024-02-17-15-00",1.54
"2024-02-17-16-00",1.03
"2024-02-17-17-00",0.24
"2024-02-17-18-00",0.
"2024-02-18-06-00",0.
"2024-02-18-07-00",0.07
"2024-02-18-08-00",0.57
"2024-02-18-09-00",1.2
"2024-02-18-10-00",3.59
"2024-02-18-11-00",7.19
"2024-02-18-12-00",9.56
"2024-02-18-13-00",7.72
"2024-02-18-14-00",4.29
"2024-02-18-15-00",4.38
"2024-02-18-16-00",1.5
"2024-02-18-17-00",0.43
"2024-02-18-18-00",0.
"2024-02-19-06-00",0.
"2024-02-19-07-00",0.08
"2024-02-19-08-00",0.89
"2024-02-19-09-00",1.76
"2024-02-19-10-00",1.24
"2024-02-19-11-00",2.01
"2024-02-19-12-00",4.25
"2024-02-19-13-00",3.59
"2024-02-19-14-00",2.32
"2024-02-19-15-00",1.63
"2024-02-19-16-00",0.8
"2024-02-19-17-00",0.15
"2024-02-19-18-00",0.
"2024-02-20-06-00",0.
"2024-02-20-07-00",0.08
"2024-02-20-08-00",0.53
"2024-02-20-09-00",1.04
"2024-02-20-10-00",5.76
"2024-02-20-11-00",6.16
"2024-02-20-12-00",9.7
"2024-02-20-13-00",11.63
"2024-02-20-14-00",9.42
"2024-02-20-15-00",5.05
"2024-02-20-16-00",1.34
"2024-02-20-17-00",0.35
"2024-02-20-18-00",0.
"2024-02-21-06-00",0.
"2024-02-21-07-00",0.08
"2024-02-21-08-00",0.55
"2024-02-21-09-00",1.35
"2024-02-21-10-00",6.1
"2024-02-21-11-00",9.46
"2024-02-21-12-00",6.45
"2024-02-21-13-00",4.43
"2024-02-21-14-00",4.08
"2024-02-21-15-00",3.67
"2024-02-21-16-00",2.29
"2024-02-21-17-00",0.65
"2024-02-21-18-00",0.
"2024-02-22-06-00",0.
"2024-02-22-07-00",0.12
"2024-02-22-08-00",1.34
"2024-02-22-09-00",2.63
"2024-02-22-10-00",4.
"2024-02-22-11-00",8.56
"2024-02-22-12-00",8.7
"2024-02-22-13-00",6.25
"2024-02-22-14-00",4.03
"2024-02-22-15-00",1.27
"2024-02-22-16-00",0.49
"2024-02-22-17-00",0.14
"2024-02-22-18-00",0.
"2024-02-23-06-00",0.
"2024-02-23-07-00",0.02
"2024-02-23-08-00",0.63
"2024-02-23-09-00",1.28
"2024-02-23-10-00",1.54
"2024-02-23-11-00",1.86
"2024-02-23-12-00",1.71
"2024-02-23-13-00",2.36
"2024-02-23-14-00",1.89
"2024-02-23-15-00",0.81
"2024-02-23-16-00",0.29
"2024-02-23-17-00",0.03
"2024-02-23-18-00",0.
"2024-02-24-06-00",0.
"2024-02-24-07-00",0.04
"2024-02-24-08-00",1.11
"2024-02-24-09-00",2.29
"2024-02-24-10-00",4.22
"2024-02-24-11-00",5.91
"2024-02-24-12-00",5.5
"2024-02-24-13-00",5.63
"2024-02-24-14-00",4.58
"2024-02-24-15-00",3.37
"2024-02-24-16-00",1.83
"2024-02-24-17-00",0.45
"2024-02-24-18-00",0.
"2024-02-25-06-00",0.
"2024-02-25-07-00",0.15
"2024-02-25-08-00",0.99
"2024-02-25-09-00",2.09
"2024-02-25-10-00",4.
"2024-02-25-11-00",8.79
"2024-02-25-12-00",7.02
"2024-02-25-13-00",3.95
"2024-02-25-14-00",2.38
"2024-02-25-15-00",2.39
"2024-02-25-16-00",0.57
"2024-02-25-17-00",0.19
"2024-02-25-18-00",0.
"2024-02-26-06-00",0.
"2024-02-26-07-00",0.15
"2024-02-26-08-00",1.55
"2024-02-26-09-00",4.2
"2024-02-26-10-00",3.81
"2024-02-26-11-00",4.41
"2024-02-26-12-00",8.7
"2024-02-26-13-00",9.07
"2024-02-26-14-00",7.35
"2024-02-26-15-00",5.12
"2024-02-26-16-00",1.94
"2024-02-26-17-00",0.41
"2024-02-26-18-00",0.
"2024-02-27-06-00",0.
"2024-02-27-07-00",0.19
"2024-02-27-08-00",1.63
"2024-02-27-09-00",3.72
"2024-02-27-10-00",6.77
"2024-02-27-11-00",11.34
"2024-02-27-12-00",9.75
"2024-02-27-13-00",9.33
"2024-02-27-14-00",7.21
"2024-02-27-15-00",5.61
"2024-02-27-16-00",1.52
"2024-02-27-17-00",0.49
"2024-02-27-18-00",0.
"2024-02-28-06-00",0.
"2024-02-28-07-00",0.05
"2024-02-28-08-00",0.99
"2024-02-28-09-00",2.84
"2024-02-28-10-00",5.36
"2024-02-28-11-00",10.84
"2024-02-28-12-00",10.8
"2024-02-28-13-00",9.18
"2024-02-28-14-00",6.41
"2024-02-28-15-00",5.88
"2024-02-28-16-00",2.65
"2024-02-28-17-00",0.58
"2024-02-28-18-00",0.
"2024-02-29-06-00",0.
"2024-02-29-07-00",0.25
"2024-02-29-08-00",1.13
"2024-02-29-09-00",2.01
"2024-02-29-10-00",4.84
"2024-02-29-11-00",8.77
"2024-02-29-12-00",10.46
"2024-02-29-13-00",8.2
"2024-02-29-14-00",8.51
"2024-02-29-15-00",4.1
"2024-02-29-16-00",2.29
"2024-02-29-17-00",0.42
"2024-02-29-18-00",0.01
"2024-03-01-06-00",0.
"2024-03-01-07-00",0.
"2024-03-01-08-00",0.41
"2024-03-01-09-00",1.3
"2024-03-01-10-00",3.08
"2024-03-01-11-00",2.98
"2024-03-01-12-00",2.95
"2024-03-01-13-00",3.12
"2024-03-01-14-00",5.92
"2024-03-01-15-00",2.76
"2024-03-01-16-00",1.3
"2024-03-01-17-00",0.45
"2024-03-01-18-00",0.
"2024-03-02-06-00",0.
"2024-03-02-07-00",0.08
"2024-03-02-08-00",0.68
"2024-03-02-09-00",0.73
"2024-03-02-10-00",1.14
"2024-03-02-11-00",1.09
"2024-03-02-12-00",1.6
"2024-03-02-13-00",2.39
"2024-03-02-14-00",0.97
"2024-03-02-15-00",0.76
"2024-03-02-16-00",0.41
"2024-03-02-17-00",0.12
"2024-03-02-18-00",0.
"2024-03-03-06-00",0.
"2024-03-03-07-00",0.19
"2024-03-03-08-00",1.8
"2024-03-03-09-00",3.19
"2024-03-03-10-00",4.65
"2024-03-03-11-00",10.73
"2024-03-03-12-00",12.72
"2024-03-03-13-00",12.35
"2024-03-03-14-00",10.28
"2024-03-03-15-00",6.47
"2024-03-03-16-00",1.73
"2024-03-03-17-00",0.53
"2024-03-03-18-00",0.01
"2024-03-04-06-00",0.
"2024-03-04-07-00",0.37
"2024-03-04-08-00",1.05
"2024-03-04-09-00",2.37
"2024-03-04-10-00",7.63
"2024-03-04-11-00",11.31
"2024-03-04-12-00",12.32
"2024-03-04-13-00",11.86
"2024-03-04-14-00",10.13
"2024-03-04-15-00",5.96
"2024-03-04-16-00",1.58
"2024-03-04-17-00",0.47
"2024-03-04-18-00",0.02
"2024-03-05-06-00",0.
"2024-03-05-07-00",0.53
"2024-03-05-08-00",2.19
"2024-03-05-09-00",2.86
"2024-03-05-10-00",6.17
"2024-03-05-11-00",10.06
"2024-03-05-12-00",12.36
"2024-03-05-13-00",11.73
"2024-03-05-14-00",10.07
"2024-03-05-15-00",6.75
"2024-03-05-16-00",2.13
"2024-03-05-17-00",0.66
"2024-03-05-18-00",0.04
"2024-03-06-06-00",0.
"2024-03-06-07-00",0.39
"2024-03-06-08-00",1.57
"2024-03-06-09-00",3.89
"2024-03-06-10-00",7.46
"2024-03-06-11-00",8.99
"2024-03-06-12-00",12.35
"2024-03-06-13-00",5.75
"2024-03-06-14-00",7.05
"2024-03-06-15-00",3.74
"2024-03-06-16-00",1.73
"2024-03-06-17-00",0.6
"2024-03-06-18-00",0.01
"2024-03-07-06-00",0.
"2024-03-07-07-00",0.22
"2024-03-07-08-00",1.27
"2024-03-07-09-00",1.58
"2024-03-07-10-00",1.75
"2024-03-07-11-00",2.54
"2024-03-07-12-00",2.14
"2024-03-07-13-00",2.62
"2024-03-07-14-00",2.62
"2024-03-07-15-00",1.72
"2024-03-07-16-00",0.89
"2024-03-07-17-00",0.5
"2024-03-07-18-00",0.01
"2024-03-08-06-00",0.
"2024-03-08-07-00",0.09
"2024-03-08-08-00",0.78
"2024-03-08-09-00",1.27
"2024-03-08-10-00",2.17
"2024-03-08-11-00",3.22
"2024-03-08-12-00",4.37
"2024-03-08-13-00",2.75
"2024-03-08-14-00",2.64
"2024-03-08-15-00",1.64
"2024-03-08-16-00",0.58
"2024-03-08-17-00",0.1
"2024-03-08-18-00",0.
"2024-03-09-04-00",0.
"2024-03-09-05-00",0.2
"2024-03-09-06-00",2.04
"2024-03-09-07-00",4.42
"2024-03-09-08-00",8.36
"2024-03-09-09-00",14.07
"2024-03-09-10-00",17.47
"2024-03-09-11-00",21.939999999999998
"2024-03-09-12-00",21.5
"2024-03-09-13-00",12.08
"2024-03-09-14-00",2.99
"2024-03-09-15-00",1.49
"2024-03-09-16-00",0.18
"2024-03-10-04-00",0.
"2024-03-10-05-00",0.08
"2024-03-10-06-00",1.23
"2024-03-10-07-00",2.7
"2024-03-10-08-00",5.49
"2024-03-10-09-00",9.62
"2024-03-10-10-00",8.68
"2024-03-10-11-00",8.16
"2024-03-10-12-00",5.25
"2024-03-10-13-00",3.6
"2024-03-10-14-00",1.05
"2024-03-10-15-00",0.31
"2024-03-10-16-00",0.01
"2024-03-11-04-00",0.
"2024-03-11-05-00",0.16
"2024-03-11-06-00",0.99
"2024-03-11-07-00",1.49
"2024-03-11-08-00",2.41
"2024-03-11-09-00",2.74
"2024-03-11-10-00",4.19
"2024-03-11-11-00",3.38
"2024-03-11-12-00",5.42
"2024-03-11-13-00",4.01
"2024-03-11-14-00",0.85
"2024-03-11-15-00",0.17
"2024-03-11-16-00",0.01
"2024-03-12-04-00",0.
"2024-03-12-05-00",0.29
"2024-03-12-06-00",1.7
"2024-03-12-07-00",2.46
"2024-03-12-08-00",3.12
"2024-03-12-09-00",4.3
"2024-03-12-10-00",2.18
"2024-03-12-11-00",2.94
"2024-03-12-12-00",2.4
"2024-03-12-13-00",2.05
"2024-03-12-14-00",1.94
"2024-03-12-15-00",0.98
"2024-03-12-16-00",0.11
"2024-03-13-04-00",0.
"2024-03-13-05-00",0.39
"2024-03-13-06-00",1.62
"2024-03-13-07-00",2.28
"2024-03-13-08-00",7.16
"2024-03-13-09-00",11.07
"2024-03-13-10-00",8.92
"2024-03-13-11-00",5.73
"2024-03-13-12-00",5.09
"2024-03-13-13-00",4.38
"2024-03-13-14-00",3.54
"2024-03-13-15-00",1.71
"2024-03-13-16-00",0.3
"2024-03-14-04-00",0.
"2024-03-14-05-00",0.41
"2024-03-14-06-00",1.97
"2024-03-14-07-00",4.15
"2024-03-14-08-00",7.12
"2024-03-14-09-00",11.95
"2024-03-14-10-00",14.06
"2024-03-14-11-00",13.82
"2024-03-14-12-00",12.37
"2024-03-14-13-00",13.309999999999999
"2024-03-14-14-00",15.55
"2024-03-14-15-00",10.08
"2024-03-14-16-00",3.02
"2024-03-14-17-00",1.57
"2024-03-14-18-00",0.13
"2024-03-15-06-00",0.02
"2024-03-15-07-00",0.66
"2024-03-15-08-00",1.5
"2024-03-15-09-00",3.6
"2024-03-15-10-00",10.14
"2024-03-15-11-00",13.55
"2024-03-15-12-00",12.42
"2024-03-15-13-00",10.4
"2024-03-15-14-00",11.56
"2024-03-15-15-00",7.44
"2024-03-15-16-00",3.54
"2024-03-15-17-00",1.59
"2024-03-15-18-00",0.08
"2024-03-16-06-00",0.
"2024-03-16-07-00",0.84
"2024-03-16-08-00",0.82
"2024-03-16-09-00",2.96
"2024-03-16-10-00",6.32
"2024-03-16-11-00",8.43
"2024-03-16-12-00",8.49
"2024-03-16-13-00",9.06
"2024-03-16-14-00",6.79
"2024-03-16-15-00",5.53
"2024-03-16-16-00",1.86
"2024-03-16-17-00",1.23
"2024-03-16-18-00",0.13
"2024-03-17-06-00",0.04
"2024-03-17-07-00",0.44
"2024-03-17-08-00",0.82
"2024-03-17-09-00",4.52
"2024-03-17-10-00",11.62
"2024-03-17-11-00",15.32
"2024-03-17-12-00",16.25
"2024-03-17-13-00",15.49
"2024-03-17-14-00",13.24
"2024-03-17-15-00",8.89
"2024-03-17-16-00",3.15
"2024-03-17-17-00",1.09
"2024-03-17-18-00",0.15
"2024-03-17-19-00",0.
"2024-03-18-05-00",0.
"2024-03-18-06-00",0.1
"2024-03-18-07-00",1.19
"2024-03-18-08-00",1.89
"2024-03-18-09-00",4.53
"2024-03-18-10-00",11.61
"2024-03-18-11-00",14.84
"2024-03-18-12-00",15.76
"2024-03-18-13-00",14.94
"2024-03-18-14-00",12.99
"2024-03-18-15-00",9.35
"2024-03-18-16-00",3.81
"2024-03-18-17-00",1.12
"2024-03-18-18-00",0.12
"2024-03-18-19-00",0.
"2024-03-19-06-00",0.04
"2024-03-19-07-00",0.96
"2024-03-19-08-00",1.79
"2024-03-19-09-00",3.35
"2024-03-19-10-00",6.37
"2024-03-19-11-00",12.15
"2024-03-19-12-00",12.5
"2024-03-19-13-00",13.4
"2024-03-19-14-00",11.98
"2024-03-19-15-00",9.19
"2024-03-19-16-00",3.61
"2024-03-19-17-00",0.86
"2024-03-19-18-00",0.16
"2024-03-19-19-00",0.
"2024-03-20-05-00",0.
"2024-03-20-06-00",0.07
"2024-03-20-07-00",0.62
"2024-03-20-08-00",1.2
"2024-03-20-09-00",4.99
"2024-03-20-10-00",11.44
"2024-03-20-11-00",15.14
"2024-03-20-12-00",15.48
"2024-03-20-13-00",14.95
"2024-03-20-14-00",12.67
"2024-03-20-15-00",9.
"2024-03-20-16-00",3.75
"2024-03-20-17-00",0.98
"2024-03-20-18-00",0.18
"2024-03-20-19-00",0.
"2024-03-21-05-00",0.
"2024-03-21-06-00",0.08
"2024-03-21-07-00",1.09
"2024-03-21-08-00",1.95
"2024-03-21-09-00",5.52
"2024-03-21-10-00",10.23
"2024-03-21-11-00",13.74
"2024-03-21-12-00",14.14
"2024-03-21-13-00",13.09
"2024-03-21-14-00",11.34
"2024-03-21-15-00",7.36
"2024-03-21-16-00",4.07
"2024-03-21-17-00",1.67
"2024-03-21-18-00",0.19
"2024-03-21-19-00",0.
"2024-03-22-05-00",0.
"2024-03-22-06-00",0.04
"2024-03-22-07-00",1.05
"2024-03-22-08-00",2.66
"2024-03-22-09-00",3.72
"2024-03-22-10-00",6.13
"2024-03-22-11-00",9.66
"2024-03-22-12-00",7.9
"2024-03-22-13-00",10.42
"2024-03-22-14-00",6.64
"2024-03-22-15-00",6.73
"2024-03-22-16-00",4.48
"2024-03-22-17-00",1.3
"2024-03-22-18-00",0.28
"2024-03-22-19-00",0.
"2024-03-23-05-00",0.
"2024-03-23-06-00",0.12
"2024-03-23-07-00",1.17
"2024-03-23-08-00",2.86
"2024-03-23-09-00",5.87
"2024-03-23-10-00",8.15
"2024-03-23-11-00",13.76
"2024-03-23-12-00",12.53
"2024-03-23-13-00",9.82
"2024-03-23-14-00",3.75
"2024-03-23-15-00",2.15
"2024-03-23-16-00",1.54
"2024-03-23-17-00",1.26
"2024-03-23-18-00",0.33
"2024-03-23-19-00",0.
"2024-03-24-05-00",0.
"2024-03-24-06-00",0.09
"2024-03-24-07-00",1.26
"2024-03-24-08-00",3.53
"2024-03-24-09-00",5.78
"2024-03-24-10-00",11.03
"2024-03-24-11-00",14.43
"2024-03-24-12-00",11.51
"2024-03-24-13-00",11.09
"2024-03-24-14-00",9.72
"2024-03-24-15-00",6.27
"2024-03-24-16-00",3.58
"2024-03-24-17-00",0.84
"2024-03-24-18-00",0.15
"2024-03-24-19-00",0.
"2024-03-25-05-00",0.
"2024-03-25-06-00",0.04
"2024-03-25-07-00",0.84
"2024-03-25-08-00",3.53
"2024-03-25-09-00",6.54
"2024-03-25-10-00",8.74
"2024-03-25-11-00",7.64
"2024-03-25-12-00",10.67
"2024-03-25-13-00",6.68
"2024-03-25-14-00",5.61
"2024-03-25-15-00",4.29
"2024-03-25-16-00",3.7
"2024-03-25-17-00",1.07
"2024-03-25-18-00",0.22
"2024-03-25-19-00",0.
"2024-03-26-05-00",0.
"2024-03-26-06-00",0.21
"2024-03-26-07-00",0.88
"2024-03-26-08-00",1.81
"2024-03-26-09-00",5.97
"2024-03-26-10-00",12.39
"2024-03-26-11-00",15.39
"2024-03-26-12-00",16.02
"2024-03-26-13-00",14.33
"2024-03-26-14-00",12.48
"2024-03-26-15-00",7.48
"2024-03-26-16-00",5.59
"2024-03-26-17-00",1.06
"2024-03-26-18-00",0.2
"2024-03-26-19-00",0.
"2024-03-27-05-00",0.
"2024-03-27-06-00",0.08
"2024-03-27-07-00",0.82
"2024-03-27-08-00",2.63
"2024-03-27-09-00",2.99
"2024-03-27-10-00",4.71
"2024-03-27-11-00",6.3
"2024-03-27-12-00",14.19
"2024-03-27-13-00",12.69
"2024-03-27-14-00",10.87
"2024-03-27-15-00",6.05
"2024-03-27-16-00",3.6
"2024-03-27-17-00",1.16
"2024-03-27-18-00",0.35
"2024-03-27-19-00",0.
"2024-03-28-05-00",0.
"2024-03-28-06-00",0.08
"2024-03-28-07-00",0.82
"2024-03-28-08-00",2.39
"2024-03-28-09-00",5.45
"2024-03-28-10-00",12.22
"2024-03-28-11-00",15.71
"2024-03-28-12-00",16.51
"2024-03-28-13-00",13.04
"2024-03-28-14-00",10.96
"2024-03-28-15-00",9.51
"2024-03-28-16-00",4.08
"2024-03-28-17-00",0.87
"2024-03-28-18-00",0.03
"2024-03-28-19-00",0.
"2024-03-29-05-00",0.
"2024-03-29-06-00",0.16
"2024-03-29-07-00",0.58
"2024-03-29-08-00",1.43
"2024-03-29-09-00",7.41
"2024-03-29-10-00",12.35
"2024-03-29-11-00",11.78
"2024-03-29-12-00",14.36
"2024-03-29-13-00",11.75
"2024-03-29-14-00",4.08
"2024-03-29-15-00",5.44
"2024-03-29-16-00",4.52
"2024-03-29-17-00",1.56
"2024-03-29-18-00",0.37
"2024-03-29-19-00",0.
"2024-03-30-05-00",0.
"2024-03-30-06-00",0.37
"2024-03-30-07-00",2.05
"2024-03-30-08-00",3.71
"2024-03-30-09-00",6.77
"2024-03-30-10-00",12.08
"2024-03-30-11-00",15.93
"2024-03-30-12-00",13.99
"2024-03-30-13-00",11.
"2024-03-30-14-00",12.27
"2024-03-30-15-00",7.85
"2024-03-30-16-00",5.63
"2024-03-30-17-00",1.44
"2024-03-30-18-00",0.42
"2024-03-30-19-00",0.
"2024-03-31-05-00",0.
"2024-03-31-06-00",0.19
"2024-03-31-07-00",1.28
"2024-03-31-08-00",3.39
"2024-03-31-09-00",6.24
"2024-03-31-10-00",11.51
"2024-03-31-11-00",13.78
"2024-03-31-12-00",11.59
"2024-03-31-13-00",11.94
"2024-03-31-14-00",11.07
"2024-03-31-15-00",6.75
"2024-03-31-16-00",3.32
"2024-03-31-17-00",2.23
"2024-03-31-18-00",0.16
"2024-03-31-19-00",0.
"2024-04-01-05-00",0.
"2024-04-01-06-00",0.4
"2024-04-01-07-00",2.06
"2024-04-01-08-00",4.21
"2024-04-01-09-00",6.94
"2024-04-01-10-00",9.48
"2024-04-01-11-00",14.02
"2024-04-01-12-00",13.04
"2024-04-01-13-00",12.8
"2024-04-01-14-00",11.99
"2024-04-01-15-00",8.47
"2024-04-01-16-00",4.67
"2024-04-01-17-00",2.46
"2024-04-01-18-00",0.5
"2024-04-01-19-00",0.
"2024-04-02-05-00",0.
"2024-04-02-06-00",0.16
"2024-04-02-07-00",1.02
"2024-04-02-08-00",3.03
"2024-04-02-09-00",5.18
"2024-04-02-10-00",8.07
"2024-04-02-11-00",10.27
"2024-04-02-12-00",9.77
"2024-04-02-13-00",8.73
"2024-04-02-14-00",9.13
"2024-04-02-15-00",10.37
"2024-04-02-16-00",5.88
"2024-04-02-17-00",0.95
"2024-04-02-18-00",0.34
"2024-04-02-19-00",0.
"2024-04-03-05-00",0.
"2024-04-03-06-00",0.23
"2024-04-03-07-00",0.61
"2024-04-03-08-00",1.97
"2024-04-03-09-00",8.69
"2024-04-03-10-00",14.5
"2024-04-03-11-00",17.59
"2024-04-03-12-00",17.08
"2024-04-03-13-00",14.97
"2024-04-03-14-00",10.92
"2024-04-03-15-00",7.8
"2024-04-03-16-00",4.69
"2024-04-03-17-00",2.2
"2024-04-03-18-00",0.42
"2024-04-03-19-00",0.01
"2024-04-04-05-00",0.
"2024-04-04-06-00",0.38
"2024-04-04-07-00",1.6
"2024-04-04-08-00",3.49
"2024-04-04-09-00",8.79
"2024-04-04-10-00",12.02
"2024-04-04-11-00",8.16
"2024-04-04-12-00",10.84
"2024-04-04-13-00",9.11
"2024-04-04-14-00",6.89
"2024-04-04-15-00",6.31
"2024-04-04-16-00",4.49
"2024-04-04-17-00",2.3
"2024-04-04-18-00",0.43
"2024-04-04-19-00",0.
"2024-04-05-05-00",0.
"2024-04-05-06-00",0.36
"2024-04-05-07-00",1.14
"2024-04-05-08-00",2.92
"2024-04-05-09-00",10.38
"2024-04-05-10-00",14.88
"2024-04-05-11-00",20.35
"2024-04-05-12-00",20.61
"2024-04-05-13-00",19.26
"2024-04-05-14-00",14.25
"2024-04-05-15-00",8.25
"2024-04-05-16-00",8.77
"2024-04-05-17-00",2.53
"2024-04-05-18-00",0.84
"2024-04-05-19-00",0.
"2024-04-06-05-00",0.
"2024-04-06-06-00",0.49
"2024-04-06-07-00",2.36
"2024-04-06-08-00",5.15
"2024-04-06-09-00",7.89
"2024-04-06-10-00",14.41
"2024-04-06-11-00",11.84
"2024-04-06-12-00",16.64
"2024-04-06-13-00",14.16
"2024-04-06-14-00",13.64
"2024-04-06-15-00",7.11
"2024-04-06-16-00",5.57
"2024-04-06-17-00",3.16
"2024-04-06-18-00",0.77
"2024-04-06-19-00",0.01
"2024-04-07-05-00",0.
"2024-04-07-06-00",0.62
"2024-04-07-07-00",2.06
"2024-04-07-08-00",4.45
"2024-04-07-09-00",11.26
"2024-04-07-10-00",18.08
"2024-04-07-11-00",18.71
"2024-04-07-12-00",18.73
"2024-04-07-13-00",19.04
"2024-04-07-14-00",17.77
"2024-04-07-15-00",12.77
"2024-04-07-16-00",8.94
"2024-04-07-17-00",2.83
"2024-04-07-18-00",0.82
"2024-04-07-19-00",0.02
"2024-04-08-05-00",0.
"2024-04-08-06-00",1.
"2024-04-08-07-00",2.47
"2024-04-08-08-00",4.6
"2024-04-08-09-00",10.1
"2024-04-08-10-00",15.86
"2024-04-08-11-00",20.32
"2024-04-08-12-00",19.99
"2024-04-08-13-00",19.07
"2024-04-08-14-00",14.07
"2024-04-08-15-00",14.45
"2024-04-08-16-00",10.43
"2024-04-08-17-00",2.73
"2024-04-08-18-00",0.79
"2024-04-08-19-00",0.01
"2024-04-09-05-00",0.
"2024-04-09-06-00",0.76
"2024-04-09-07-00",2.41
"2024-04-09-08-00",3.51
"2024-04-09-09-00",10.51
"2024-04-09-10-00",16.63
"2024-04-09-11-00",19.61
"2024-04-09-12-00",18.28
"2024-04-09-13-00",18.86
"2024-04-09-14-00",15.4
"2024-04-09-15-00",13.
"2024-04-09-16-00",8.07
"2024-04-09-17-00",3.23
"2024-04-09-18-00",1.43
"2024-04-09-19-00",0.02
"2024-04-10-05-00",0.01
"2024-04-10-06-00",0.82
"2024-04-10-07-00",1.79
"2024-04-10-08-00",3.55
"2024-04-10-09-00",11.64
"2024-04-10-10-00",17.53
"2024-04-10-11-00",19.3
"2024-04-10-12-00",19.92
"2024-04-10-13-00",17.57
"2024-04-10-14-00",14.67
"2024-04-10-15-00",9.73
"2024-04-10-16-00",7.
"2024-04-10-17-00",3.04
"2024-04-10-18-00",0.93
"2024-04-10-19-00",0.02
"2024-04-11-05-00",0.
"2024-04-11-06-00",0.89
"2024-04-11-07-00",2.35
"2024-04-11-08-00",4.73
"2024-04-11-09-00",9.31
"2024-04-11-10-00",9.84
"2024-04-11-11-00",18.06
"2024-04-11-12-00",21.64
"2024-04-11-13-00",20.5
"2024-04-11-14-00",18.15
"2024-04-11-15-00",14.36
"2024-04-11-16-00",8.71
"2024-04-11-17-00",3.07
"2024-04-11-18-00",0.68
"2024-04-11-19-00",0.02
"2024-04-12-05-00",0.01
"2024-04-12-06-00",0.76
"2024-04-12-07-00",1.78
"2024-04-12-08-00",4.04
"2024-04-12-09-00",11.76
"2024-04-12-10-00",17.63
"2024-04-12-11-00",20.78
"2024-04-12-12-00",21.14
"2024-04-12-13-00",20.35
"2024-04-12-14-00",18.06
"2024-04-12-15-00",14.23
"2024-04-12-16-00",9.63
"2024-04-12-17-00",3.46
"2024-04-12-18-00",1.14
"2024-04-12-19-00",0.05
"2024-04-13-05-00",0.01
"2024-04-13-06-00",0.68
"2024-04-13-07-00",2.55
"2024-04-13-08-00",4.42
"2024-04-13-09-00",12.1
"2024-04-13-10-00",18.54
"2024-04-13-11-00",22.05
"2024-04-13-12-00",22.85
"2024-04-13-13-00",21.27
"2024-04-13-14-00",19.59
"2024-04-13-15-00",15.65
"2024-04-13-16-00",10.36
"2024-04-13-17-00",3.49
"2024-04-13-18-00",0.67
"2024-04-13-19-00",0.03
"2024-04-14-05-00",0.01
"2024-04-14-06-00",0.91
"2024-04-14-07-00",1.61
"2024-04-14-08-00",4.18
"2024-04-14-09-00",12.48
"2024-04-14-10-00",16.8
"2024-04-14-11-00",20.98
"2024-04-14-12-00",20.65
"2024-04-14-13-00",12.09
"2024-04-14-14-00",11.55
"2024-04-14-15-00",15.72
"2024-04-14-16-00",9.78
"2024-04-14-17-00",3.98
"2024-04-14-18-00",0.83
"2024-04-14-19-00",0.03
"2024-04-15-05-00",0.03
"2024-04-15-06-00",1.21
"2024-04-15-07-00",3.19
"2024-04-15-08-00",5.85
"2024-04-15-09-00",8.36
"2024-04-15-10-00",9.
"2024-04-15-11-00",15.43
"2024-04-15-12-00",19.95
"2024-04-15-13-00",19.4
"2024-04-15-14-00",18.98
"2024-04-15-15-00",12.
"2024-04-15-16-00",4.55
"2024-04-15-17-00",2.16
"2024-04-15-18-00",0.47
"2024-04-15-19-00",0.02
"2024-04-16-05-00",0.
"2024-04-16-06-00",0.01
"2024-04-16-07-00",0.3
"2024-04-16-08-00",0.6
"2024-04-16-09-00",1.58
"2024-04-16-10-00",2.77
"2024-04-16-11-00",3.87
"2024-04-16-12-00",4.56
"2024-04-16-13-00",4.69
"2024-04-16-14-00",5.69
"2024-04-16-15-00",4.17
"2024-04-16-16-00",2.77
"2024-04-16-17-00",0.62
"2024-04-16-18-00",0.31
"2024-04-16-19-00",0.05
